Algoritma Analizi, 9780140449334, 6
Veri Yapilari, 9780140449335, 3
Fizik 1, 1234567891012, 4
Fizik 2, 1234567891013, 3
C Programlama, 3214569871012, 4
Finallerin Gazabi, 1478523691234, 3
Ýnce Memed, 7669545841623, 4
Tutunamayanlar, 5134504975481, 3
Tehlikeli Oyunlar, 8098255466027, 2
Saatleri Ayarlama Enstitüsü, 8134960522237, 4
Huzur, 9702569648130, 3
Çalýkuþu, 4054110263807, 6
Yaprak Dökümü, 4001589630538, 7
Hayat, 0000000000000, 5
Mesaj, 2598714271168, 2
Zamanýn Kýsa Tarihi, 6567502901954, 3
Her Þeyin Teorisi, 3219022972921, 3
